"","genres"
"1","reggaeton"
"2","latin,latin pop"
"3","latin,latin pop,reggaeton"
"4","reggaeton,trap latino"
"5","colombian pop,latin,latin pop"
"6","dance pop,latin pop,latin viral pop,pop,reggaeton"
"7","reggaeton,trap latino"
"8","dance pop,latin,latin pop,pop,tropical"
"9","dance pop,latin,latin hip hop,latin pop,pop,reggaeton,tropical"
"10","champeta,colombian pop,dance pop,latin,latin pop,tropical,vallenato"
"11","latin,reggaeton flow,tropical"
"12","colombian pop,dance pop,latin,latin pop,mexican pop,pop"
"13","dance pop,latin,latin hip hop,latin pop,pop,pop reggaeton,reggaeton,tropical"
"14","baile pop"
"15","reggaeton"
"16","dance pop,latin,latin hip hop,latin pop,pop,reggaeton,tropical"
"17","latin,salsa,tropical"
"18","latin,reggaeton"
"19","latin,latin hip hop,pop,reggaeton,tropical"
"20","bachata,latin,tropical"
"21","colombian pop,latin pop"
"22","dance pop,pop,post-teen pop"
"23","colombian pop,latin,latin pop,pop,reggaeton,tropical"
"24","latin,reggaeton"
"25","latin arena pop,latin pop,latin viral pop,spanish pop"
"26","latin,latin hip hop,latin pop,pop,reggaeton,tropical"
"27","colombian pop,latin,latin pop,pop reggaeton,vallenato"
"28","latin,latin hip hop,reggaeton flow,trap latino,tropical"
"29","pop"
"30","dance pop,pop,post-teen pop"
"31","latin,latin arena pop,latin pop,mexican pop,pop"
"32","cubaton,pop reggaeton"
"33","deep funk carioca"
"34","latin,latin hip hop,latin pop,pop,reggaeton,tropical"
"35","boy band,latin,latin pop,pop,reggaeton,tropical"
"36","latin,latin hip hop,pop,reggaeton,tropical"
"37","reggaeton,trap latino"
"38","brostep,deep big room,edm,electro house,electronic trap,moombahton"
"39","reggaeton,trap latino"
"40","reggaeton flow,trap latino"
"41","reggaeton,trap latino"
"42","deep funk carioca"
"43","latin,latin hip hop,reggaeton,reggaeton flow,trap latino,tropical"
"44","latin,latin hip hop,latin pop,pop,reggaeton,tropical"
"45","colombian pop,latin,latin pop"
"46","colombian pop,latin,latin pop,pop reggaeton,vallenato"
"47","latin,latin pop"
"48","dance pop,pop,post-teen pop"
"49","colombian pop,latin,tropical"
"50","latin,latin pop,latin viral pop,mexican pop"
"51","colombian pop,latin,latin pop"
"52","latin,latin pop"
"53","latin,latin hip hop,pop,reggaeton,tropical"
"54","latin,latin hip hop,reggaeton,trap latino,tropical"
"55","dance pop,electro latino,latin,latin pop,pop,tropical"
"56","cumbia peruana,peruvian rock,pop reggaeton,tropical"
"57","latin,latin hip hop,reggaeton,trap latino,tropical"
"58","reggaeton"
"59","cubaton,pop reggaeton"
"60","colombian pop,latin,latin pop,pop,reggaeton,tropical"
"61","dance pop,electro latino,latin,latin hip hop,latin pop,pop,pop reggaeton,reggaeton,tropical"
"62","cubaton,reggaeton"
"63","dance pop,latin,latin pop,mexican pop,tropical"
"64","colombian pop,latin,latin pop,pop,reggaeton,tropical"
"65","pop"
"66","cubaton,pop reggaeton"
"67","dance pop,pop,post-teen pop"
"68","cubaton,pop reggaeton"
"69","latin,latin hip hop,pop,reggaeton,tropical"
"70","latin pop,reggaeton"
"71","latin,reggaeton"
"72","champeta,colombian pop,dance pop,latin,latin pop,tropical,vallenato"
"73","reggaeton,trap latino"
"74","latin,latin pop,tropical"
"75","boy band,latin,latin pop,pop,reggaeton,tropical"
"76","cumbia peruana,peruvian rock,pop reggaeton,tropical"
"77","boy band,latin,latin pop,pop,reggaeton,tropical"
"78","cubaton,pop reggaeton"
"79","cumbia peruana,peruvian rock,pop reggaeton,tropical"
"80","cubaton,dance pop,latin,latin hip hop,latin pop,pop,reggaeton,tropical"
"81","colombian pop,latin pop"
"82","reggaeton,trap latino"
"83","pop"
"84","pop,rap"
"85","dance pop,latin,latin hip hop,latin pop,pop,reggaeton,tropical"
"86","canadian hip hop,canadian pop,hip hop,pop rap,rap"
"87","dance pop,latin,latin hip hop,latin pop,pop,reggaeton,tropical"
"88","dance pop,pop,pop rap,post-teen pop,r&b,urban contemporary"
"89","colombian pop,dance pop,latin,latin pop,mexican pop,pop"
"90","latin,latin pop,salsa,tropical"
"91","latin,reggaeton"
"92","pop reggaeton"
"93","bachata,latin,tropical"
"94","dance pop,latin,latin hip hop,latin pop,pop,reggaeton,tropical"
"95","latin,reggaeton"
"96","latin,reggaeton"
"97","pop reggaeton"
"98","dance pop,latin,latin pop,pop,tropical"
"99","cumbia peruana,peruvian rock,pop reggaeton,tropical"
"100","colombian pop,latin,latin pop"
"101","cubaton,pop reggaeton"
"102","cumbia peruana,peruvian rock,pop reggaeton,tropical"
"103","dance pop,latin,latin hip hop,latin pop,pop,reggaeton,tropical"
"104","colombian pop,dance pop,latin,latin pop,mexican pop,pop"
"105","cumbia peruana"
"106","pop,post-teen pop"
"107","latin,latin hip hop,pop,reggaeton,tropical"
"108","pop reggaeton"
"109","emo rap"
"110","reggaeton flow,trap latino"
"111","reggaeton"
"112","dance pop,latin,latin pop,mexican pop,pop,pop quebecois,tropical"
"113","dance pop,pop,post-teen pop,viral pop"
"114","reggaeton"
"115","reggaeton,trap latino"
"116","latin,latin hip hop,pop,reggaeton,tropical"
"117","edm,electropop,pop,tropical house"
"118","boy band,latin,latin pop,pop,reggaeton,tropical"
"119","colombian pop,latin pop"
"120","latin,reggaeton"
"121","latin alternative,latin pop"
"122","pop"
"123","pop,post-teen pop"
"124","latin,latin pop,salsa,tropical"
"125","colombian pop,latin,latin pop,rock cristiano"
"126","canadian pop,dance pop,pop,post-teen pop,viral pop"
"127","latin pop,reggaeton"
"128","latin,latin hip hop,reggaeton,reggaeton flow,trap latino,tropical"
"129","cumbia chilena,cumbia villera,tropical"
"130","colombian pop,latin,latin pop,pop,rock en espanol,tropical"
"131","dance pop,latin,latin pop,mexican pop,pop,pop quebecois,tropical"
"132","latin,reggaeton flow,trap latino,tropical"
"133","colombian pop,latin,latin pop,pop,rock en espanol,tropical"
"134","cumbia peruana,peruvian rock,pop reggaeton,tropical"
"135","hip hop tuga"
"136","dance pop,edm,electronic trap,pop,tropical house"
"137","pop reggaeton"
"138","reggaeton,trap latino"
"139","cumbia peruana,peruvian rock,pop reggaeton,tropical"
"140","boogaloo,cumbia,latin,latin jazz,salsa,tropical"
"141","edm,electro house,house,pop,progressive house"
"142","reggaeton flow"
"143","edm,tropical house"
"144","bachata,dance pop,latin,latin pop,pop,tropical"
"145","dance pop,pinoy hip hop,pop,pop rap,post-teen pop,r&b"
"146","rap dominicano,reggaeton flow"
"147","peruvian rock,pop reggaeton"
"148","latin,latin hip hop,reggaeton,reggaeton flow,tropical"
"149","reggaeton,trap latino"
"150","reggaeton"
"151","reggaeton,trap latino"
"152","latin,latin hip hop,pop,reggaeton,tropical"
"153","dance pop,latin,latin arena pop,latin pop,latin viral pop,mexican pop,pop"
"154","australian dance,australian pop,dance pop,pop"
"155","cumbia peruana,peruvian rock,pop reggaeton,tropical"
"156","latin arena pop,latin pop,latin viral pop,spanish pop"
"157","reggaeton,trap latino"
"158","latin pop,reggaeton"
"159","latin,latin hip hop,reggaeton,trap latino,tropical"
"160","pop"
"161","pop reggaeton"
"162","indie pop,indietronica,la indie,modern alternative rock,modern rock,pop,rock"
"163","dance pop,pop,post-teen pop,viral pop"
"164","reggaeton"
"165","reggaeton,trap latino"
"166","champeta,colombian pop,electro latino,latin,latin pop,pop,tropical"
"167","dance pop,latin,pop,pop rap"
"168","pop"
"169","argentine rock,latin alternative,latin rock,rock en espanol,rock nacional,ska argentino"
"170","dance pop,pop,post-teen pop,viral pop"
"171","latin,latin pop,nica,salsa,tropical"
"172",""
"173","pop reggaeton"
"174","latin,latin arena pop,latin pop,spanish pop"
"175","pop reggaeton"
"176","pop reggaeton"
"177","dance pop,electropop,pop,post-teen pop"
"178","latin,latin hip hop,pop,reggaeton,tropical"
"179","edm,electropop,pop,tropical house"
"180","dance pop,dancehall,pop,pop rap"
"181",""
"182","pop reggaeton"
"183","latin alternative,latin pop"
"184","latin,latin hip hop,reggaeton,reggaeton flow,trap latino,tropical"
"185","cumbia peruana,peruvian rock,pop reggaeton,tropical"
"186",""
"187","edm,electropop,pop,tropical house"
"188","latin,latin pop,salsa,tropical"
"189","latin,latin alternative,latin pop,latin rock,mexican pop,rock en espanol,spanish rock"
"190","dance pop,electropop,girl group,pop,post-teen pop,r&b,talent show"
"191","latin,latin arena pop,latin pop,mexican pop"
"192","canadian pop,pop,rap"
"193","cumbia peruana,peruvian rock,pop reggaeton,tropical"
"194","boogaloo,latin,latin jazz,mambo,salsa,tropical"
"195","pop rap"
"196","cubaton,pop reggaeton"
"197","latin,latin hip hop,reggaeton,trap latino,tropical"
"198","latin,merengue,tropical"
"199","dance pop,latin,latin pop,mexican pop,pop,pop quebecois,tropical"
"200",""
"201","reggaeton"
"202","latin,latin pop"
"203","latin,latin pop,reggaeton"
"204","reggaeton,trap latino"
"205","colombian pop,latin,latin pop"
"206","reggaeton,trap latino"
"207","dance pop,latin,latin pop,pop,tropical"
"208","dance pop,latin pop,latin viral pop,pop,reggaeton"
"209","champeta,colombian pop,dance pop,latin,latin pop,tropical,vallenato"
"210","baile pop"
"211","latin,reggaeton flow,tropical"
"212","dance pop,latin,latin hip hop,latin pop,pop,pop reggaeton,reggaeton,tropical"
"213","colombian pop,dance pop,latin,latin pop,mexican pop,pop"
"214","dance pop,latin,latin hip hop,latin pop,pop,reggaeton,tropical"
"215","latin,latin hip hop,pop,reggaeton,tropical"
"216","dance pop,latin,latin hip hop,latin pop,pop,reggaeton,tropical"
"217","latin,salsa,tropical"
"218","bachata,latin,tropical"
"219","colombian pop,latin pop"
"220","reggaeton"
"221","colombian pop,latin,latin pop,pop,reggaeton,tropical"
"222","latin arena pop,latin pop,latin viral pop,spanish pop"
"223","dance pop,pop,post-teen pop"
"224","latin,reggaeton"
"225","latin,reggaeton"
"226","latin,latin arena pop,latin pop,mexican pop,pop"
"227","latin,latin hip hop,latin pop,pop,reggaeton,tropical"
"228","colombian pop,latin,latin pop,pop reggaeton,vallenato"
"229","latin,latin hip hop,reggaeton flow,trap latino,tropical"
"230","latin,latin hip hop,latin pop,pop,reggaeton,tropical"
"231","pop"
"232","dance pop,pop,post-teen pop"
"233","brostep,deep big room,edm,electro house,electronic trap,moombahton"
"234","deep funk carioca"
"235","boy band,latin,latin pop,pop,reggaeton,tropical"
"236","latin,latin hip hop,pop,reggaeton,tropical"
"237","reggaeton,trap latino"
"238","reggaeton,trap latino"
"239","reggaeton flow,trap latino"
"240","latin,latin hip hop,reggaeton,reggaeton flow,trap latino,tropical"
"241","colombian pop,latin,tropical"
"242","colombian pop,latin,latin pop"
"243","reggaeton,trap latino"
"244","colombian pop,latin,latin pop,pop reggaeton,vallenato"
"245","dance pop,pop,post-teen pop"
"246","cubaton,pop reggaeton"
"247","latin,latin hip hop,latin pop,pop,reggaeton,tropical"
"248","deep funk carioca"
"249","latin,latin pop,latin viral pop,mexican pop"
"250","dance pop,electro latino,latin,latin pop,pop,tropical"
"251","colombian pop,latin,latin pop"
"252","colombian pop,latin,latin pop,pop,reggaeton,tropical"
"253","latin,latin pop"
"254","latin,latin hip hop,reggaeton,trap latino,tropical"
"255","boy band,latin,latin pop,pop,reggaeton,tropical"
"256","reggaeton"
"257","colombian pop,latin,latin pop,pop,reggaeton,tropical"
"258","pop"
"259","reggaeton,trap latino"
"260","pop"
"261","latin,latin hip hop,reggaeton,trap latino,tropical"
"262","latin,latin pop,tropical"
"263","dance pop,pop,post-teen pop"
"264","latin pop,reggaeton"
"265","latin,reggaeton"
"266","bachata,latin,tropical"
"267","dance pop,latin,latin hip hop,latin pop,pop,reggaeton,tropical"
"268","reggaeton,trap latino"
"269","latin,latin hip hop,pop,reggaeton,tropical"
"270","colombian pop,latin pop"
"271","colombian pop,latin,latin pop"
"272","latin,latin hip hop,pop,reggaeton,tropical"
"273","dance pop,pop,pop rap,post-teen pop,r&b,urban contemporary"
"274","colombian pop,latin,latin pop,rock cristiano"
"275","dance pop,electro latino,latin,latin hip hop,latin pop,pop,pop reggaeton,reggaeton,tropical"
"276","pop,post-teen pop"
"277","latin,reggaeton"
"278","cubaton,reggaeton"
"279","pop,rap"
"280","boy band,latin,latin pop,pop,reggaeton,tropical"
"281","pop reggaeton"
"282","dance pop,pop,post-teen pop,viral pop"
"283","dance pop,latin,latin hip hop,latin pop,pop,reggaeton,tropical"
"284","latin alternative,latin pop"
"285","dance pop,latin,latin hip hop,latin pop,pop,reggaeton,tropical"
"286","cubaton,pop reggaeton"
"287","reggaeton flow,trap latino"
"288","emo rap"
"289","reggaeton"
"290","cubaton,pop reggaeton"
"291","colombian pop,dance pop,latin,latin pop,mexican pop,pop"
"292","latin pop,reggaeton"
"293","cubaton,pop reggaeton"
"294","dance pop,latin,latin hip hop,latin pop,pop,reggaeton,tropical"
"295","colombian pop,dance pop,latin,latin pop,mexican pop,pop"
"296","latin,latin hip hop,pop,reggaeton,tropical"
"297","canadian pop,dance pop,pop,post-teen pop,viral pop"
"298","dance pop,latin,latin pop,pop,tropical"
"299","colombian pop,latin,latin pop,pop,rock en espanol,tropical"
"300","colombian pop,latin pop"
"301","pop"
"302","canadian hip hop,canadian pop,hip hop,pop rap,rap"
"303","champeta,colombian pop,dance pop,latin,latin pop,tropical,vallenato"
"304","latin,latin hip hop,reggaeton,reggaeton flow,trap latino,tropical"
"305","pop,post-teen pop"
"306","colombian pop,latin,latin pop,pop,rock en espanol,tropical"
"307","dance pop,latin,latin pop,mexican pop,tropical"
"308","reggaeton,trap latino"
"309","dance pop,edm,electronic trap,pop,tropical house"
"310","latin,latin arena pop,latin pop,spanish pop"
"311","latin,reggaeton"
"312","dance pop,latin,latin arena pop,latin pop,latin viral pop,mexican pop,pop"
"313","latin,reggaeton"
"314","latin,reggaeton flow,trap latino,tropical"
"315","reggaeton,trap latino"
"316","dance pop,pop,post-teen pop,viral pop"
"317","dance pop,pop,post-teen pop,viral pop"
"318","edm,electro house,house,pop,progressive house"
"319","latin pop,reggaeton"
"320","bachata,dance pop,latin,latin pop,pop,tropical"
"321","latin,latin arena pop,latin pop,mexican pop"
"322","reggaeton"
"323","cubaton,pop reggaeton"
"324","latin alternative,latin pop"
"325","latin,latin pop"
"326","dance pop,pinoy hip hop,pop,pop rap,post-teen pop,r&b"
"327","reggaeton flow"
"328","edm,tropical house"
"329","pop,post-teen pop"
"330","cubaton,pop reggaeton"
"331","boy band,latin,latin pop,pop,reggaeton,tropical"
"332","latin,latin hip hop,reggaeton,reggaeton flow,tropical"
"333","reggaeton,trap latino"
"334","dance pop,electropop,pop,post-teen pop"
"335","edm,electropop,pop,tropical house"
"336","pop"
"337","latin,reggaeton"
"338","edm,electropop,pop,tropical house"
"339","reggaeton,trap latino"
"340","dance pop,electropop,girl group,pop,post-teen pop,r&b,talent show"
"341","peruvian rock,pop reggaeton"
"342","rap dominicano,reggaeton flow"
"343","pop reggaeton"
"344","latin,latin hip hop,reggaeton,trap latino,tropical"
"345","colombian pop,latin pop"
"346","dance pop,dancehall,pop,pop rap"
"347","canadian pop,pop,rap"
"348","dance pop,pop,post-teen pop"
"349","reggaeton"
"350","latin arena pop,latin pop,latin viral pop,spanish pop"
"351","reggaeton,trap latino"
"352","dance pop,latin,latin pop,mexican pop,pop,pop quebecois,tropical"
"353","reggaeton,trap latino"
"354","champeta,colombian pop,dance pop,latin,latin pop,tropical,vallenato"
"355","modern rock,rock,vegas indie"
"356","latin,latin hip hop,reggaeton,reggaeton flow,trap latino,tropical"
"357","pop"
"358","dance pop,latin,pop,pop rap"
"359","reggaeton flow,trap latino"
"360","pop,post-teen pop"
"361","champeta,colombian pop,electro latino,latin,latin pop,pop,tropical"
"362","argentine rock,latin alternative,latin rock,rock en espanol,rock nacional,ska argentino"
"363","pop"
"364","dance pop,edm,pop,post-teen pop,tropical house,uk funky"
"365","big room,edm,pop,progressive house,tropical house"
"366","permanent wave,pop"
"367","dance pop,edm,pop,pop rap"
"368","latin,latin arena pop,latin pop,latin rock,mexican pop,mexican rock,rock en espanol,tropical"
"369","cubaton,dance pop,latin,latin hip hop,latin pop,pop,reggaeton,tropical"
"370","modern rock,rock,vegas indie"
"371","detroit hip hop,g funk,hip hop,rap"
"372",""
"373","cumbia peruana,peruvian rock,pop reggaeton,tropical"
"374","latin,latin alternative,latin pop,latin rock,mexican pop,rock en espanol,spanish rock"
"375","dance pop,latin,latin hip hop,latin pop,pop,reggaeton,tropical"
"376","edm,pop,tropical house"
"377","latin,latin hip hop,reggaeton,reggaeton flow,trap latino,tropical"
"378","dance pop,edm,electronic trap,pop,tropical house"
"379","edm,tropical house"
"380","dance pop,pop,post-teen pop,tropical house"
"381","latin,latin hip hop,pop,reggaeton,tropical"
"382","colombian pop,cumbia,latin,latin pop,tropical"
"383","pop,post-teen pop"
"384","dance pop,pop,pop rap,post-teen pop,r&b,urban contemporary"
"385","argentine rock,cantautor,latin alternative,latin rock,rock en espanol,rock nacional"
"386","canadian pop,dance pop,pop,post-teen pop"
"387","pop,post-teen pop"
"388","colombian pop,cumbia,latin,latin pop,tropical"
"389","latin,latin pop,pop reggaeton"
"390","dance pop,pop,post-teen pop,r&b"
"391","colombian pop,cumbia,dance pop,latin,latin pop,mexican pop,pop,rock en espanol,tropical"
"392","latin,latin alternative,latin pop,latin rock,rock en espanol,spanish pop,spanish rock"
"393","latin,reggaeton flow,trap latino,tropical"
"394","edm,tropical house"
"395","argentine hip hop,trap argentino,trap latino"
"396","dance pop,latin,latin pop,pop,tropical"
"397","canadian pop,pop,rap"
"398","latin,latin arena pop,latin pop,mexican pop,pop,reggaeton"
"399","dance pop,edm,electronic trap,pop,tropical house"
"400","reggaeton flow,trap latino"
"401","reggaeton"
"402","latin,latin pop"
"403","latin,latin pop,reggaeton"
"404","reggaeton,trap latino"
"405","colombian pop,latin,latin pop"
"406","reggaeton,trap latino"
"407","dance pop,latin,latin pop,pop,tropical"
"408","dance pop,latin pop,latin viral pop,pop,reggaeton"
"409","champeta,colombian pop,dance pop,latin,latin pop,tropical,vallenato"
"410","baile pop"
"411","latin,reggaeton flow,tropical"
"412","dance pop,latin,latin hip hop,latin pop,pop,pop reggaeton,reggaeton,tropical"
"413","colombian pop,dance pop,latin,latin pop,mexican pop,pop"
"414","dance pop,latin,latin hip hop,latin pop,pop,reggaeton,tropical"
"415","latin,latin hip hop,pop,reggaeton,tropical"
"416","dance pop,latin,latin hip hop,latin pop,pop,reggaeton,tropical"
"417","bachata,latin,tropical"
"418","colombian pop,latin pop"
"419","latin,salsa,tropical"
"420","reggaeton"
"421","colombian pop,latin,latin pop,pop,reggaeton,tropical"
"422","latin,reggaeton"
"423","dance pop,pop,post-teen pop"
"424","latin arena pop,latin pop,latin viral pop,spanish pop"
"425","latin,reggaeton"
"426","latin,latin hip hop,latin pop,pop,reggaeton,tropical"
"427","latin,latin arena pop,latin pop,mexican pop,pop"
"428","colombian pop,latin,latin pop,pop reggaeton,vallenato"
"429","latin,latin hip hop,reggaeton flow,trap latino,tropical"
"430","latin,latin hip hop,latin pop,pop,reggaeton,tropical"
"431","deep funk carioca"
"432","brostep,deep big room,edm,electro house,electronic trap,moombahton"
"433","dance pop,pop,post-teen pop"
"434","pop"
"435","latin,latin hip hop,pop,reggaeton,tropical"
"436","boy band,latin,latin pop,pop,reggaeton,tropical"
"437","reggaeton,trap latino"
"438","colombian pop,latin,tropical"
"439","reggaeton,trap latino"
"440","latin,latin hip hop,reggaeton,reggaeton flow,trap latino,tropical"
"441","reggaeton flow,trap latino"
"442","colombian pop,latin,latin pop"
"443","colombian pop,latin,latin pop,pop reggaeton,vallenato"
"444","reggaeton,trap latino"
"445","cubaton,pop reggaeton"
"446","latin,latin hip hop,latin pop,pop,reggaeton,tropical"
"447","dance pop,pop,post-teen pop"
"448","latin,latin pop,latin viral pop,mexican pop"
"449","deep funk carioca"
"450","dance pop,electro latino,latin,latin pop,pop,tropical"
"451","colombian pop,latin,latin pop"
"452","latin,latin hip hop,reggaeton,trap latino,tropical"
"453","colombian pop,latin,latin pop,pop,reggaeton,tropical"
"454","latin,latin pop"
"455","boy band,latin,latin pop,pop,reggaeton,tropical"
"456","reggaeton"
"457","colombian pop,latin,latin pop,pop,reggaeton,tropical"
"458","reggaeton,trap latino"
"459","pop"
"460","latin,latin pop,tropical"
"461","pop"
"462","latin,latin hip hop,reggaeton,trap latino,tropical"
"463","latin,reggaeton"
"464","latin pop,reggaeton"
"465","dance pop,latin,latin hip hop,latin pop,pop,reggaeton,tropical"
"466","dance pop,pop,post-teen pop"
"467","bachata,latin,tropical"
"468","colombian pop,latin,latin pop"
"469","reggaeton,trap latino"
"470","colombian pop,latin pop"
"471","dance pop,pop,pop rap,post-teen pop,r&b,urban contemporary"
"472","latin,latin hip hop,pop,reggaeton,tropical"
"473","latin,latin hip hop,pop,reggaeton,tropical"
"474","dance pop,electro latino,latin,latin hip hop,latin pop,pop,pop reggaeton,reggaeton,tropical"
"475","colombian pop,latin,latin pop,rock cristiano"
"476","pop,post-teen pop"
"477","latin,reggaeton"
"478","cubaton,reggaeton"
"479","dance pop,latin,latin hip hop,latin pop,pop,reggaeton,tropical"
"480","pop,rap"
"481","pop reggaeton"
"482","latin alternative,latin pop"
"483","boy band,latin,latin pop,pop,reggaeton,tropical"
"484","dance pop,pop,post-teen pop,viral pop"
"485","dance pop,latin,latin hip hop,latin pop,pop,reggaeton,tropical"
"486","cubaton,pop reggaeton"
"487","colombian pop,latin,latin pop,pop,rock en espanol,tropical"
"488","latin pop,reggaeton"
"489","colombian pop,dance pop,latin,latin pop,mexican pop,pop"
"490","dance pop,latin,latin hip hop,latin pop,pop,reggaeton,tropical"
"491","reggaeton"
"492","pop"
"493","emo rap"
"494","reggaeton flow,trap latino"
"495","colombian pop,dance pop,latin,latin pop,mexican pop,pop"
"496","pop,post-teen pop"
"497","dance pop,latin,latin pop,pop,tropical"
"498","colombian pop,latin,latin pop,pop,rock en espanol,tropical"
"499","cubaton,pop reggaeton"
"500","reggaeton,trap latino"
"501","colombian pop,latin pop"
"502","dance pop,latin,latin pop,mexican pop,tropical"
"503","canadian pop,dance pop,pop,post-teen pop,viral pop"
"504","latin,latin arena pop,latin pop,spanish pop"
"505","champeta,colombian pop,dance pop,latin,latin pop,tropical,vallenato"
"506","cubaton,pop reggaeton"
"507","latin,latin hip hop,pop,reggaeton,tropical"
"508","dance pop,latin,latin arena pop,latin pop,latin viral pop,mexican pop,pop"
"509","latin,latin hip hop,reggaeton,reggaeton flow,trap latino,tropical"
"510","latin,reggaeton"
"511","latin pop,reggaeton"
"512","dance pop,pop,post-teen pop,viral pop"
"513","dance pop,edm,electronic trap,pop,tropical house"
"514","latin,reggaeton"
"515","reggaeton,trap latino"
"516","dance pop,pop,post-teen pop,viral pop"
"517","canadian hip hop,canadian pop,hip hop,pop rap,rap"
"518","edm,electro house,house,pop,progressive house"
"519","reggaeton,trap latino"
"520","reggaeton flow"
"521","latin,reggaeton flow,trap latino,tropical"
"522","latin alternative,latin pop"
"523","dance pop,pinoy hip hop,pop,pop rap,post-teen pop,r&b"
"524","bachata,dance pop,latin,latin pop,pop,tropical"
"525","latin,latin arena pop,latin pop,mexican pop"
"526","edm,tropical house"
"527","pop,post-teen pop"
"528","latin,latin hip hop,reggaeton,reggaeton flow,tropical"
"529","reggaeton"
"530","cubaton,pop reggaeton"
"531","pop"
"532","boy band,latin,latin pop,pop,reggaeton,tropical"
"533","dance pop,electropop,girl group,pop,post-teen pop,r&b,talent show"
"534","latin,reggaeton"
"535","latin,latin pop"
"536","edm,electropop,pop,tropical house"
"537","cubaton,pop reggaeton"
"538","colombian pop,latin pop"
"539","pop reggaeton"
"540","dance pop,electropop,pop,post-teen pop"
"541","reggaeton,trap latino"
"542","peruvian rock,pop reggaeton"
"543","rap dominicano,reggaeton flow"
"544","champeta,colombian pop,dance pop,latin,latin pop,tropical,vallenato"
"545","edm,electropop,pop,tropical house"
"546","latin arena pop,latin pop,latin viral pop,spanish pop"
"547","latin,latin hip hop,reggaeton,trap latino,tropical"
"548","dance pop,dancehall,pop,pop rap"
"549","canadian pop,pop,rap"
"550","reggaeton"
"551","dance pop,pop,post-teen pop"
"552","reggaeton,trap latino"
"553","colombian pop,cumbia,latin,latin pop,tropical"
"554","dance pop,latin,pop,pop rap"
"555","champeta,colombian pop,electro latino,latin,latin pop,pop,tropical"
"556","reggaeton,trap latino"
"557","pop"
"558","pop"
"559","dance pop,latin,latin pop,mexican pop,pop,pop quebecois,tropical"
"560","reggaeton flow,trap latino"
"561","argentine rock,latin alternative,latin rock,rock en espanol,rock nacional,ska argentino"
"562","dance pop,edm,pop,post-teen pop,tropical house,uk funky"
"563","latin,latin hip hop,reggaeton,reggaeton flow,trap latino,tropical"
"564","pop,post-teen pop"
"565","modern rock,rock,vegas indie"
"566","big room,edm,pop,progressive house,tropical house"
"567","modern rock,rock,vegas indie"
"568","permanent wave,pop"
"569",""
"570","cubaton,dance pop,latin,latin hip hop,latin pop,pop,reggaeton,tropical"
"571","detroit hip hop,g funk,hip hop,rap"
"572","pop,post-teen pop"
"573","latin,latin arena pop,latin pop,latin rock,mexican pop,mexican rock,rock en espanol,tropical"
"574","pop,post-teen pop"
"575","dance pop,edm,pop,pop rap"
"576","dance pop,latin,latin hip hop,latin pop,pop,reggaeton,tropical"
"577","argentine rock,cantautor,latin alternative,latin rock,rock en espanol,rock nacional"
"578","latin,latin hip hop,pop,reggaeton,tropical"
"579","latin,latin hip hop,reggaeton,reggaeton flow,trap latino,tropical"
"580","colombian pop,cumbia,latin,latin pop,tropical"
"581","colombian pop,cumbia,dance pop,latin,latin pop,mexican pop,pop,rock en espanol,tropical"
"582","dance pop,pop,pop rap,post-teen pop,r&b,urban contemporary"
"583","dance pop,pop,post-teen pop,tropical house"
"584","edm,pop,tropical house"
"585","latin,latin alternative,latin pop,latin rock,mexican pop,rock en espanol,spanish rock"
"586","dance pop,pop,post-teen pop,r&b"
"587","latin,latin arena pop,latin pop,mexican pop,pop,reggaeton"
"588","latin,latin pop,pop reggaeton"
"589","dance pop,latin,latin pop,pop,tropical"
"590","canadian pop,dance pop,pop,post-teen pop"
"591","champeta,colombian pop,electro latino,latin,latin pop,pop,tropical"
"592","latin,reggaeton flow,trap latino,tropical"
"593","latin,latin alternative,latin pop,latin rock,rock en espanol,spanish pop,spanish rock"
"594","argentine hip hop,trap argentino,trap latino"
"595","edm,tropical house"
"596","dance pop,edm,electronic trap,pop,tropical house"
"597","cumbia peruana,peruvian rock,pop reggaeton,tropical"
"598","edm,tropical house"
"599","latin pop,spanish pop,spanish pop rock"
"600","pop,post-teen pop"
"601","reggaeton"
"602","latin,latin pop"
"603","colombian pop,latin,latin pop"
"604","reggaeton,trap latino"
"605","latin,latin pop,reggaeton"
"606","reggaeton,trap latino"
"607","dance pop,latin,latin pop,pop,tropical"
"608","baile pop"
"609","champeta,colombian pop,dance pop,latin,latin pop,tropical,vallenato"
"610","dance pop,latin pop,latin viral pop,pop,reggaeton"
"611","latin,reggaeton flow,tropical"
"612","dance pop,latin,latin hip hop,latin pop,pop,pop reggaeton,reggaeton,tropical"
"613","colombian pop,dance pop,latin,latin pop,mexican pop,pop"
"614","dance pop,latin,latin hip hop,latin pop,pop,reggaeton,tropical"
"615","latin,latin hip hop,pop,reggaeton,tropical"
"616","dance pop,latin,latin hip hop,latin pop,pop,reggaeton,tropical"
"617","colombian pop,latin pop"
"618","bachata,latin,tropical"
"619","latin,salsa,tropical"
"620","reggaeton"
"621","colombian pop,latin,latin pop,pop,reggaeton,tropical"
"622","latin arena pop,latin pop,latin viral pop,spanish pop"
"623","dance pop,pop,post-teen pop"
"624","latin,reggaeton"
"625","latin,latin arena pop,latin pop,mexican pop,pop"
"626","latin,latin hip hop,latin pop,pop,reggaeton,tropical"
"627","latin,reggaeton"
"628","latin,latin hip hop,reggaeton flow,trap latino,tropical"
"629","colombian pop,latin,latin pop,pop reggaeton,vallenato"
"630","latin,latin hip hop,latin pop,pop,reggaeton,tropical"
"631","brostep,deep big room,edm,electro house,electronic trap,moombahton"
"632","deep funk carioca"
"633","pop"
"634","boy band,latin,latin pop,pop,reggaeton,tropical"
"635","dance pop,pop,post-teen pop"
"636","latin,latin hip hop,pop,reggaeton,tropical"
"637","reggaeton,trap latino"
"638","reggaeton,trap latino"
"639","colombian pop,latin,tropical"
"640","latin,latin hip hop,reggaeton,reggaeton flow,trap latino,tropical"
"641","colombian pop,latin,latin pop"
"642","reggaeton flow,trap latino"
"643","colombian pop,latin,latin pop,pop reggaeton,vallenato"
"644","dance pop,electro latino,latin,latin pop,pop,tropical"
"645","latin,latin hip hop,latin pop,pop,reggaeton,tropical"
"646","reggaeton,trap latino"
"647","dance pop,pop,post-teen pop"
"648","latin,latin pop,latin viral pop,mexican pop"
"649","cubaton,pop reggaeton"
"650","deep funk carioca"
"651","colombian pop,latin,latin pop"
"652","colombian pop,latin,latin pop,pop,reggaeton,tropical"
"653","latin,latin hip hop,reggaeton,trap latino,tropical"
"654","boy band,latin,latin pop,pop,reggaeton,tropical"
"655","reggaeton,trap latino"
"656","reggaeton"
"657","pop"
"658","colombian pop,latin,latin pop"
"659","latin,latin pop"
"660","dance pop,latin,latin hip hop,latin pop,pop,reggaeton,tropical"
"661","latin,latin pop,tropical"
"662","colombian pop,latin,latin pop,pop,reggaeton,tropical"
"663","latin pop,reggaeton"
"664","latin,latin hip hop,reggaeton,trap latino,tropical"
"665","latin,reggaeton"
"666","dance pop,pop,post-teen pop"
"667","bachata,latin,tropical"
"668","reggaeton,trap latino"
"669","pop"
"670","colombian pop,latin pop"
"671","dance pop,pop,pop rap,post-teen pop,r&b,urban contemporary"
"672","latin,latin hip hop,pop,reggaeton,tropical"
"673","latin,latin hip hop,pop,reggaeton,tropical"
"674","colombian pop,latin,latin pop,rock cristiano"
"675","dance pop,electro latino,latin,latin hip hop,latin pop,pop,pop reggaeton,reggaeton,tropical"
"676","pop,post-teen pop"
"677","dance pop,latin,latin hip hop,latin pop,pop,reggaeton,tropical"
"678","latin,reggaeton"
"679","dance pop,pop,post-teen pop,viral pop"
"680","boy band,latin,latin pop,pop,reggaeton,tropical"
"681","cubaton,reggaeton"
"682","pop reggaeton"
"683","latin alternative,latin pop"
"684","pop,rap"
"685","colombian pop,latin,latin pop,pop,rock en espanol,tropical"
"686","cubaton,pop reggaeton"
"687","dance pop,latin,latin hip hop,latin pop,pop,reggaeton,tropical"
"688","colombian pop,dance pop,latin,latin pop,mexican pop,pop"
"689","pop"
"690","dance pop,latin,latin hip hop,latin pop,pop,reggaeton,tropical"
"691","colombian pop,latin,latin pop,pop,rock en espanol,tropical"
"692","colombian pop,dance pop,latin,latin pop,mexican pop,pop"
"693","pop,post-teen pop"
"694","dance pop,latin,latin pop,pop,tropical"
"695","reggaeton,trap latino"
"696","reggaeton flow,trap latino"
"697","latin pop,reggaeton"
"698","cubaton,pop reggaeton"
"699","latin,latin hip hop,pop,reggaeton,tropical"
"700","reggaeton,trap latino"
"701","emo rap"
"702","colombian pop,latin pop"
"703","reggaeton"
"704","champeta,colombian pop,dance pop,latin,latin pop,tropical,vallenato"
"705","latin,latin arena pop,latin pop,spanish pop"
"706","latin pop,reggaeton"
"707","dance pop,latin,latin pop,mexican pop,tropical"
"708","dance pop,latin,latin arena pop,latin pop,latin viral pop,mexican pop,pop"
"709","latin,latin hip hop,reggaeton,reggaeton flow,trap latino,tropical"
"710","latin,latin arena pop,latin pop,mexican pop"
"711","cubaton,pop reggaeton"
"712","reggaeton,trap latino"
"713","canadian pop,dance pop,pop,post-teen pop,viral pop"
"714","latin,reggaeton"
"715","dance pop,pop,post-teen pop,viral pop"
"716","dance pop,pop,post-teen pop,viral pop"
"717","bachata,dance pop,latin,latin pop,pop,tropical"
"718","latin,latin hip hop,reggaeton,reggaeton flow,tropical"
"719","dance pop,edm,electronic trap,pop,tropical house"
"720","latin,reggaeton flow,trap latino,tropical"
"721","reggaeton flow"
"722","latin alternative,latin pop"
"723","edm,electro house,house,pop,progressive house"
"724","pop,post-teen pop"
"725","reggaeton"
"726","dance pop,pinoy hip hop,pop,pop rap,post-teen pop,r&b"
"727","latin,reggaeton"
"728","pop"
"729","boy band,latin,latin pop,pop,reggaeton,tropical"
"730","edm,tropical house"
"731","cubaton,pop reggaeton"
"732","colombian pop,latin pop"
"733","colombian pop,cumbia,latin,latin pop,tropical"
"734","dance pop,electropop,pop,post-teen pop"
"735","latin,reggaeton"
"736","cubaton,pop reggaeton"
"737","edm,electropop,pop,tropical house"
"738","dance pop,electropop,girl group,pop,post-teen pop,r&b,talent show"
"739","reggaeton,trap latino"
"740","peruvian rock,pop reggaeton"
"741","latin arena pop,latin pop,latin viral pop,spanish pop"
"742","canadian hip hop,canadian pop,hip hop,pop rap,rap"
"743","dance pop,pop,post-teen pop"
"744","champeta,colombian pop,dance pop,latin,latin pop,tropical,vallenato"
"745","reggaeton,trap latino"
"746","rap dominicano,reggaeton flow"
"747","pop reggaeton"
"748","latin,latin hip hop,reggaeton,trap latino,tropical"
"749","canadian pop,pop,rap"
"750","dance pop,latin,pop,pop rap"
"751","dance pop,dancehall,pop,pop rap"
"752","reggaeton"
"753","pop,post-teen pop"
"754","pop"
"755","latin,latin pop"
"756","permanent wave,pop"
"757","reggaeton,trap latino"
"758","argentine rock,latin alternative,latin rock,rock en espanol,rock nacional,ska argentino"
"759",""
"760","champeta,colombian pop,electro latino,latin,latin pop,pop,tropical"
"761","edm,electropop,pop,tropical house"
"762","latin,latin hip hop,reggaeton,reggaeton flow,trap latino,tropical"
"763","dance pop,edm,pop,post-teen pop,tropical house,uk funky"
"764","big room,edm,pop,progressive house,tropical house"
"765","reggaeton flow,trap latino"
"766","latin,latin arena pop,latin pop,latin rock,mexican pop,mexican rock,rock en espanol,tropical"
"767","dance pop,latin,latin pop,mexican pop,pop,pop quebecois,tropical"
"768","pop"
"769","pop,post-teen pop"
"770","cubaton,dance pop,latin,latin hip hop,latin pop,pop,reggaeton,tropical"
"771","modern rock,rock,vegas indie"
"772","colombian pop,cumbia,latin,latin pop,tropical"
"773","champeta,colombian pop,electro latino,latin,latin pop,pop,tropical"
"774","argentine rock,cantautor,latin alternative,latin rock,rock en espanol,rock nacional"
"775","dance pop,latin,latin hip hop,latin pop,pop,reggaeton,tropical"
"776","latin pop,spanish pop,spanish pop rock"
"777","colombian pop,cumbia,dance pop,latin,latin pop,mexican pop,pop,rock en espanol,tropical"
"778","dance pop,pop,pop rap,post-teen pop,r&b,urban contemporary"
"779","latin,latin arena pop,latin pop,mexican pop,pop,reggaeton"
"780","pop,post-teen pop"
"781","latin,latin hip hop,reggaeton,reggaeton flow,trap latino,tropical"
"782","latin,latin alternative,latin pop,latin rock,mexican pop,rock en espanol,spanish rock"
"783","modern rock,rock,vegas indie"
"784","argentine hip hop,trap argentino,trap latino"
"785","dance pop,latin,latin pop,pop,tropical"
"786","edm,tropical house"
"787","latin,latin pop,pop reggaeton"
"788","latin,latin alternative,latin pop,latin rock,rock en espanol,spanish pop,spanish rock"
"789","latin,reggaeton flow,trap latino,tropical"
"790","detroit hip hop,g funk,hip hop,rap"
"791","latin,latin hip hop,pop,reggaeton,tropical"
"792","dance pop,edm,pop,pop rap"
"793","edm,tropical house"
"794","reggaeton flow,trap latino"
"795","alternative rock,art rock,melancholia,modern rock,permanent wave,rock"
"796","dance pop,pop,post-teen pop,tropical house"
"797","edm,pop,tropical house"
"798","dance pop,pop,post-teen pop,r&b"
"799","pop,post-teen pop"
"800","latin pop,reggaeton"
"801","reggaeton"
"802","latin,latin pop"
"803","colombian pop,latin,latin pop"
"804","latin,latin pop,reggaeton"
"805","reggaeton,trap latino"
"806","reggaeton,trap latino"
"807","dance pop,latin,latin pop,pop,tropical"
"808","baile pop"
"809","champeta,colombian pop,dance pop,latin,latin pop,tropical,vallenato"
"810","dance pop,latin pop,latin viral pop,pop,reggaeton"
"811","latin,reggaeton flow,tropical"
"812","dance pop,latin,latin hip hop,latin pop,pop,pop reggaeton,reggaeton,tropical"
"813","colombian pop,dance pop,latin,latin pop,mexican pop,pop"
"814","dance pop,latin,latin hip hop,latin pop,pop,reggaeton,tropical"
"815","latin,latin hip hop,pop,reggaeton,tropical"
"816","dance pop,latin,latin hip hop,latin pop,pop,reggaeton,tropical"
"817","colombian pop,latin pop"
"818","bachata,latin,tropical"
"819","latin,salsa,tropical"
"820","reggaeton"
"821","colombian pop,latin,latin pop,pop,reggaeton,tropical"
"822","latin arena pop,latin pop,latin viral pop,spanish pop"
"823","dance pop,pop,post-teen pop"
"824","latin,reggaeton"
"825","latin,latin arena pop,latin pop,mexican pop,pop"
"826","latin,latin hip hop,latin pop,pop,reggaeton,tropical"
"827","latin,reggaeton"
"828","latin,latin hip hop,reggaeton flow,trap latino,tropical"
"829","colombian pop,latin,latin pop,pop reggaeton,vallenato"
"830","latin,latin hip hop,latin pop,pop,reggaeton,tropical"
"831","brostep,deep big room,edm,electro house,electronic trap,moombahton"
"832","deep funk carioca"
"833","pop"
"834","boy band,latin,latin pop,pop,reggaeton,tropical"
"835","latin,latin hip hop,pop,reggaeton,tropical"
"836","dance pop,pop,post-teen pop"
"837","colombian pop,latin,tropical"
"838","reggaeton,trap latino"
"839","reggaeton,trap latino"
"840","latin,latin hip hop,reggaeton,reggaeton flow,trap latino,tropical"
"841","reggaeton flow,trap latino"
"842","colombian pop,latin,latin pop"
"843","colombian pop,latin,latin pop,pop reggaeton,vallenato"
"844","dance pop,electro latino,latin,latin pop,pop,tropical"
"845","reggaeton,trap latino"
"846","latin,latin hip hop,latin pop,pop,reggaeton,tropical"
"847","dance pop,pop,post-teen pop"
"848","deep funk carioca"
"849","dance pop,latin,latin arena pop,latin pop,latin viral pop,mexican pop,pop"
"850","latin,latin pop,latin viral pop,mexican pop"
"851","cubaton,pop reggaeton"
"852","colombian pop,latin,latin pop,pop,reggaeton,tropical"
"853","colombian pop,latin,latin pop"
"854","boy band,latin,latin pop,pop,reggaeton,tropical"
"855","latin,latin hip hop,reggaeton,trap latino,tropical"
"856","reggaeton,trap latino"
"857","reggaeton"
"858","colombian pop,latin,latin pop"
"859","latin,latin pop"
"860","latin,latin pop,tropical"
"861","colombian pop,latin,latin pop,pop,reggaeton,tropical"
"862","latin pop,reggaeton"
"863","pop"
"864","dance pop,latin,latin hip hop,latin pop,pop,reggaeton,tropical"
"865","bachata,latin,tropical"
"866","latin,latin hip hop,reggaeton,trap latino,tropical"
"867","latin,reggaeton"
"868","reggaeton,trap latino"
"869","pop"
"870","dance pop,pop,post-teen pop"
"871","dance pop,pop,pop rap,post-teen pop,r&b,urban contemporary"
"872","colombian pop,latin pop"
"873","latin,latin hip hop,pop,reggaeton,tropical"
"874","latin,reggaeton"
"875","latin,latin hip hop,pop,reggaeton,tropical"
"876","dance pop,electro latino,latin,latin hip hop,latin pop,pop,pop reggaeton,reggaeton,tropical"
"877","colombian pop,latin,latin pop,rock cristiano"
"878","pop,post-teen pop"
"879","dance pop,latin,latin hip hop,latin pop,pop,reggaeton,tropical"
"880","cubaton,reggaeton"
"881","dance pop,pop,post-teen pop,viral pop"
"882","colombian pop,latin,latin pop,pop,rock en espanol,tropical"
"883","boy band,latin,latin pop,pop,reggaeton,tropical"
"884","latin alternative,latin pop"
"885","pop reggaeton"
"886","dance pop,latin,latin hip hop,latin pop,pop,reggaeton,tropical"
"887","pop,rap"
"888","latin pop,reggaeton"
"889","cubaton,pop reggaeton"
"890","reggaeton,trap latino"
"891","pop"
"892","latin,latin hip hop,pop,reggaeton,tropical"
"893","colombian pop,latin,latin pop,pop,rock en espanol,tropical"
"894","reggaeton flow,trap latino"
"895","dance pop,latin,latin hip hop,latin pop,pop,reggaeton,tropical"
"896","colombian pop,dance pop,latin,latin pop,mexican pop,pop"
"897","reggaeton,trap latino"
"898","pop,post-teen pop"
"899","colombian pop,dance pop,latin,latin pop,mexican pop,pop"
"900","reggaeton"
"901","cubaton,pop reggaeton"
"902","dance pop,latin,latin pop,pop,tropical"
"903","champeta,colombian pop,dance pop,latin,latin pop,tropical,vallenato"
"904","colombian pop,latin pop"
"905","reggaeton,trap latino"
"906","latin,latin hip hop,reggaeton,reggaeton flow,trap latino,tropical"
"907","emo rap"
"908","latin,latin arena pop,latin pop,spanish pop"
"909","latin pop,reggaeton"
"910","dance pop,latin,latin pop,mexican pop,tropical"
"911","cubaton,pop reggaeton"
"912","dance pop,pop,post-teen pop,viral pop"
"913","latin,reggaeton"
"914","latin,reggaeton flow,trap latino,tropical"
"915","dance pop,pop,post-teen pop,viral pop"
"916","latin,latin hip hop,reggaeton,reggaeton flow,tropical"
"917","dance pop,edm,electronic trap,pop,tropical house"
"918","canadian pop,dance pop,pop,post-teen pop,viral pop"
"919","reggaeton"
"920","reggaeton flow"
"921","latin,latin arena pop,latin pop,mexican pop"
"922","boy band,latin,latin pop,pop,reggaeton,tropical"
"923","bachata,dance pop,latin,latin pop,pop,tropical"
"924","latin alternative,latin pop"
"925","edm,electro house,house,pop,progressive house"
"926","dance pop,electropop,girl group,pop,post-teen pop,r&b,talent show"
"927","latin,reggaeton"
"928","edm,tropical house"
"929","cubaton,pop reggaeton"
"930","dance pop,pinoy hip hop,pop,pop rap,post-teen pop,r&b"
"931","pop,post-teen pop"
"932","pop"
"933","pop,post-teen pop"
"934","colombian pop,cumbia,latin,latin pop,tropical"
"935","cubaton,pop reggaeton"
"936","champeta,colombian pop,dance pop,latin,latin pop,tropical,vallenato"
"937","latin,reggaeton"
"938","reggaeton,trap latino"
"939","latin arena pop,latin pop,latin viral pop,spanish pop"
"940","dance pop,electropop,pop,post-teen pop"
"941","edm,electropop,pop,tropical house"
"942","peruvian rock,pop reggaeton"
"943","latin,latin hip hop,reggaeton,trap latino,tropical"
"944","colombian pop,latin pop"
"945","dance pop,pop,post-teen pop"
"946","pop reggaeton"
"947","canadian hip hop,canadian pop,hip hop,pop rap,rap"
"948","reggaeton,trap latino"
"949","rap dominicano,reggaeton flow"
"950","reggaeton"
"951","reggaeton,trap latino"
"952",""
"953","argentine rock,latin alternative,latin rock,rock en espanol,rock nacional,ska argentino"
"954","canadian pop,pop,rap"
"955","latin,latin hip hop,reggaeton,reggaeton flow,trap latino,tropical"
"956","pop,post-teen pop"
"957","champeta,colombian pop,electro latino,latin,latin pop,pop,tropical"
"958","dance pop,latin,pop,pop rap"
"959","dance pop,dancehall,pop,pop rap"
"960","reggaeton flow,trap latino"
"961","dance pop,latin,latin pop,mexican pop,pop,pop quebecois,tropical"
"962","dance pop,pop,pop rap,post-teen pop,r&b,urban contemporary"
"963","big room,edm,pop,progressive house,tropical house"
"964","dance pop,edm,pop,post-teen pop,tropical house,uk funky"
"965","edm,electropop,pop,tropical house"
"966","pop"
"967","latin,latin pop"
"968","latin,latin arena pop,latin pop,latin rock,mexican pop,mexican rock,rock en espanol,tropical"
"969","permanent wave,pop"
"970","latin,latin arena pop,latin pop,mexican pop,pop,reggaeton"
"971","pop"
"972","pop,post-teen pop"
"973","latin,latin hip hop,reggaeton,reggaeton flow,trap latino,tropical"
"974","colombian pop,cumbia,latin,latin pop,tropical"
"975","cubaton,dance pop,latin,latin hip hop,latin pop,pop,reggaeton,tropical"
"976","modern rock,rock,vegas indie"
"977","argentine rock,cantautor,latin alternative,latin rock,rock en espanol,rock nacional"
"978","pop,post-teen pop"
"979","dance pop,latin,latin hip hop,latin pop,pop,reggaeton,tropical"
"980","latin,latin alternative,latin pop,latin rock,mexican pop,rock en espanol,spanish rock"
"981","colombian pop,cumbia,dance pop,latin,latin pop,mexican pop,pop,rock en espanol,tropical"
"982","dance pop,latin,latin pop,pop,tropical"
"983","latin,reggaeton flow,trap latino,tropical"
"984","reggaeton flow,trap latino"
"985","cumbia peruana,peruvian rock,pop reggaeton,tropical"
"986","argentine hip hop,trap argentino,trap latino"
"987","modern rock,rock,vegas indie"
"988","dance pop,pop,post-teen pop,tropical house"
"989","latin,latin hip hop,pop,reggaeton,tropical"
"990","detroit hip hop,g funk,hip hop,rap"
"991","latin,latin pop,pop reggaeton"
"992","dance pop,edm,pop,pop rap"
"993","champeta,colombian pop,electro latino,latin,latin pop,pop,tropical"
"994","pop,post-teen pop"
"995","reggaeton,trap latino"
"996","edm,tropical house"
"997","latin,latin alternative,latin pop,latin rock,rock en espanol,spanish pop,spanish rock"
"998","latin pop,reggaeton"
"999","colombian pop,latin,latin pop,pop reggaeton,vallenato"
"1000","latin,latin hip hop,latin pop,pop,reggaeton,reggaeton flow,trap latino,tropical"
"1001","reggaeton"
"1002","latin,latin pop"
"1003","colombian pop,latin,latin pop"
"1004","latin,latin pop,reggaeton"
"1005","reggaeton,trap latino"
"1006","reggaeton,trap latino"
"1007","baile pop"
"1008","dance pop,latin,latin pop,pop,tropical"
"1009","champeta,colombian pop,dance pop,latin,latin pop,tropical,vallenato"
"1010","dance pop,latin pop,latin viral pop,pop,reggaeton"
"1011","latin,reggaeton flow,tropical"
"1012","dance pop,latin,latin hip hop,latin pop,pop,pop reggaeton,reggaeton,tropical"
"1013","colombian pop,dance pop,latin,latin pop,mexican pop,pop"
"1014","dance pop,latin,latin hip hop,latin pop,pop,reggaeton,tropical"
"1015","latin,latin hip hop,pop,reggaeton,tropical"
"1016","dance pop,latin,latin hip hop,latin pop,pop,reggaeton,tropical"
"1017","colombian pop,latin pop"
"1018","bachata,latin,tropical"
"1019","latin,salsa,tropical"
"1020","reggaeton"
"1021","colombian pop,latin,latin pop,pop,reggaeton,tropical"
"1022","latin arena pop,latin pop,latin viral pop,spanish pop"
"1023","latin,reggaeton"
"1024","dance pop,pop,post-teen pop"
"1025","latin,latin arena pop,latin pop,mexican pop,pop"
"1026","latin,latin hip hop,latin pop,pop,reggaeton,tropical"
"1027","latin,reggaeton"
"1028","latin,latin hip hop,reggaeton flow,trap latino,tropical"
"1029","colombian pop,latin,latin pop,pop reggaeton,vallenato"
"1030","deep funk carioca"
"1031","latin,latin hip hop,latin pop,pop,reggaeton,tropical"
"1032","brostep,deep big room,edm,electro house,electronic trap,moombahton"
"1033","pop"
"1034","latin,latin hip hop,pop,reggaeton,tropical"
"1035","boy band,latin,latin pop,pop,reggaeton,tropical"
"1036","dance pop,pop,post-teen pop"
"1037","dance pop,latin,latin arena pop,latin pop,latin viral pop,mexican pop,pop"
"1038","colombian pop,latin,tropical"
"1039","reggaeton,trap latino"
"1040","reggaeton,trap latino"
"1041","reggaeton flow,trap latino"
"1042","latin,latin hip hop,reggaeton,reggaeton flow,trap latino,tropical"
"1043","colombian pop,latin,latin pop,pop reggaeton,vallenato"
"1044","dance pop,electro latino,latin,latin pop,pop,tropical"
"1045","colombian pop,latin,latin pop"
"1046","reggaeton,trap latino"
"1047","deep funk carioca"
"1048","latin,latin hip hop,latin pop,pop,reggaeton,tropical"
"1049","dance pop,pop,post-teen pop"
"1050","latin,latin pop,latin viral pop,mexican pop"
"1051","cubaton,pop reggaeton"
"1052","colombian pop,latin,latin pop,pop,reggaeton,tropical"
"1053","colombian pop,latin,latin pop"
"1054","reggaeton,trap latino"
"1055","colombian pop,latin,latin pop"
"1056","latin,latin hip hop,reggaeton,trap latino,tropical"
"1057","boy band,latin,latin pop,pop,reggaeton,tropical"
"1058","reggaeton"
"1059","latin,latin pop"
"1060","colombian pop,latin,latin pop,pop,reggaeton,tropical"
"1061","dance pop,latin,latin hip hop,latin pop,pop,reggaeton,tropical"
"1062","latin,latin pop,tropical"
"1063","latin pop,reggaeton"
"1064","reggaeton,trap latino"
"1065","pop"
"1066","latin,latin hip hop,reggaeton,trap latino,tropical"
"1067","latin,reggaeton"
"1068","bachata,latin,tropical"
"1069","pop"
"1070","dance pop,pop,post-teen pop"
"1071","colombian pop,latin pop"
"1072","latin,reggaeton"
"1073","latin,latin hip hop,pop,reggaeton,tropical"
"1074","dance pop,pop,pop rap,post-teen pop,r&b,urban contemporary"
"1075","latin,latin hip hop,pop,reggaeton,tropical"
"1076","dance pop,latin,latin hip hop,latin pop,pop,reggaeton,tropical"
"1077","dance pop,electro latino,latin,latin hip hop,latin pop,pop,pop reggaeton,reggaeton,tropical"
"1078","cubaton,reggaeton"
"1079","boy band,latin,latin pop,pop,reggaeton,tropical"
"1080","pop,post-teen pop"
"1081","colombian pop,latin,latin pop,rock cristiano"
"1082","dance pop,latin,latin hip hop,latin pop,pop,reggaeton,tropical"
"1083","dance pop,pop,post-teen pop,viral pop"
"1084","colombian pop,latin,latin pop,pop,rock en espanol,tropical"
"1085","latin alternative,latin pop"
"1086","pop reggaeton"
"1087","latin,latin hip hop,pop,reggaeton,tropical"
"1088","cubaton,pop reggaeton"
"1089","pop,rap"
"1090","reggaeton,trap latino"
"1091","latin pop,reggaeton"
"1092","reggaeton"
"1093","reggaeton flow,trap latino"
"1094","cubaton,pop reggaeton"
"1095","dance pop,latin,latin hip hop,latin pop,pop,reggaeton,tropical"
"1096","pop,post-teen pop"
"1097","colombian pop,dance pop,latin,latin pop,mexican pop,pop"
"1098","dance pop,latin,latin pop,pop,tropical"
"1099","cubaton,pop reggaeton"
"1100","reggaeton,trap latino"
"1101","reggaeton,trap latino"
"1102","colombian pop,dance pop,latin,latin pop,mexican pop,pop"
"1103","champeta,colombian pop,dance pop,latin,latin pop,tropical,vallenato"
"1104","latin,latin hip hop,reggaeton,reggaeton flow,trap latino,tropical"
"1105","pop"
"1106","colombian pop,latin,latin pop,pop,rock en espanol,tropical"
"1107","latin,reggaeton"
"1108","latin pop,reggaeton"
"1109","emo rap"
"1110","colombian pop,latin pop"
"1111","dance pop,latin,latin pop,mexican pop,tropical"
"1112","latin,latin hip hop,reggaeton,reggaeton flow,tropical"
"1113","pop,post-teen pop"
"1114","latin,reggaeton flow,trap latino,tropical"
"1115","reggaeton"
"1116","reggaeton flow"
"1117","dance pop,pop,post-teen pop,viral pop"
"1118","dance pop,edm,electronic trap,pop,tropical house"
"1119","cubaton,pop reggaeton"
"1120","latin,reggaeton"
"1121","dance pop,pop,post-teen pop,viral pop"
"1122","canadian pop,dance pop,pop,post-teen pop,viral pop"
"1123","latin,latin arena pop,latin pop,spanish pop"
"1124","cubaton,pop reggaeton"
"1125","bachata,dance pop,latin,latin pop,pop,tropical"
"1126","latin,latin arena pop,latin pop,mexican pop"
"1127","latin arena pop,latin pop,latin viral pop,spanish pop"
"1128","edm,tropical house"
"1129","edm,electro house,house,pop,progressive house"
"1130","dance pop,pinoy hip hop,pop,pop rap,post-teen pop,r&b"
"1131","latin,reggaeton"
"1132","reggaeton,trap latino"
"1133","latin alternative,latin pop"
"1134","rap dominicano,reggaeton flow"
"1135","colombian pop,cumbia,latin,latin pop,tropical"
"1136","boy band,latin,latin pop,pop,reggaeton,tropical"
"1137","dance pop,electropop,girl group,pop,post-teen pop,r&b,talent show"
"1138","latin,latin hip hop,reggaeton,trap latino,tropical"
"1139","dance pop,electropop,pop,post-teen pop"
"1140","champeta,colombian pop,dance pop,latin,latin pop,tropical,vallenato"
"1141","pop"
"1142","reggaeton,trap latino"
"1143","pop,post-teen pop"
"1144","canadian pop,pop,rap"
"1145","peruvian rock,pop reggaeton"
"1146","latin,latin hip hop,reggaeton,reggaeton flow,trap latino,tropical"
"1147","pop reggaeton"
"1148","reggaeton,trap latino"
"1149","reggaeton"
"1150","dance pop,pop,post-teen pop"
"1151","reggaeton flow,trap latino"
"1152","colombian pop,latin pop"
"1153","cumbia peruana,peruvian rock,pop reggaeton,tropical"
"1154","canadian hip hop,canadian pop,hip hop,pop rap,rap"
"1155","champeta,colombian pop,electro latino,latin,latin pop,pop,tropical"
"1156","edm,electropop,pop,tropical house"
"1157","dance pop,latin,latin pop,mexican pop,pop,pop quebecois,tropical"
"1158","dance pop,latin,pop,pop rap"
"1159",""
"1160","latin,latin hip hop,reggaeton,reggaeton flow,trap latino,tropical"
"1161","dance pop,dancehall,pop,pop rap"
"1162","argentine rock,latin alternative,latin rock,rock en espanol,rock nacional,ska argentino"
"1163","cubaton,dance pop,latin,latin hip hop,latin pop,pop,reggaeton,tropical"
"1164","big room,edm,pop,progressive house,tropical house"
"1165","dance pop,latin,latin pop,pop,tropical"
"1166","pop"
"1167","edm,electropop,pop,tropical house"
"1168","dance pop,edm,pop,post-teen pop,tropical house,uk funky"
"1169","latin pop,reggaeton"
"1170","cumbia peruana,peruvian rock,pop reggaeton,tropical"
"1171","pop"
"1172","latin,latin pop"
"1173","permanent wave,pop"
"1174","argentine hip hop,trap argentino,trap latino"
"1175","pop,post-teen pop"
"1176","dance pop,pop,pop rap,post-teen pop,r&b,urban contemporary"
"1177","reggaeton flow,trap latino"
"1178","colombian pop,cumbia,latin,latin pop,tropical"
"1179","argentine rock,cantautor,latin alternative,latin rock,rock en espanol,rock nacional"
"1180","latin,latin alternative,latin pop,latin rock,mexican pop,rock en espanol,spanish rock"
"1181","latin,reggaeton flow,trap latino,tropical"
"1182","pop,post-teen pop"
"1183","latin,latin arena pop,latin pop,latin rock,mexican pop,mexican rock,rock en espanol,tropical"
"1184","cumbia peruana,peruvian rock,pop reggaeton,tropical"
"1185","modern rock,rock,vegas indie"
"1186","dance pop,latin,latin hip hop,latin pop,pop,reggaeton,tropical"
"1187","colombian pop,latin,latin pop,pop reggaeton,vallenato"
"1188","cumbia peruana"
"1189","latin,latin arena pop,latin pop,mexican pop,pop,reggaeton"
"1190","pop,post-teen pop"
"1191","edm,tropical house"
"1192","pop reggaeton"
"1193","latin,latin hip hop,pop,reggaeton,tropical"
"1194","dance pop,edm,pop,pop rap"
"1195","latin,latin pop,pop reggaeton"
"1196","latin,latin alternative,latin pop,latin rock,rock en espanol,spanish pop,spanish rock"
"1197","reggaeton,trap latino"
"1198","dance pop,latin,latin pop,pop,tropical"
"1199","argentine hip hop,trap argentino"
"1200","edm,tropical house"
"1201","reggaeton"
"1202","latin,latin pop"
"1203","colombian pop,latin,latin pop"
"1204","latin,latin pop,reggaeton"
"1205","reggaeton,trap latino"
"1206","reggaeton,trap latino"
"1207","dance pop,latin,latin pop,pop,tropical"
"1208","baile pop"
"1209","latin,reggaeton flow,tropical"
"1210","dance pop,latin pop,latin viral pop,pop,reggaeton"
"1211","champeta,colombian pop,dance pop,latin,latin pop,tropical,vallenato"
"1212","dance pop,latin,latin hip hop,latin pop,pop,pop reggaeton,reggaeton,tropical"
"1213","colombian pop,dance pop,latin,latin pop,mexican pop,pop"
"1214","dance pop,latin,latin hip hop,latin pop,pop,reggaeton,tropical"
"1215","latin,latin hip hop,pop,reggaeton,tropical"
"1216","dance pop,latin,latin hip hop,latin pop,pop,reggaeton,tropical"
"1217","colombian pop,latin pop"
"1218","latin,salsa,tropical"
"1219","bachata,latin,tropical"
"1220","reggaeton"
"1221","colombian pop,latin,latin pop,pop,reggaeton,tropical"
"1222","latin arena pop,latin pop,latin viral pop,spanish pop"
"1223","dance pop,pop,post-teen pop"
"1224","latin,reggaeton"
"1225","latin,latin arena pop,latin pop,mexican pop,pop"
"1226","latin,reggaeton"
"1227","latin,latin hip hop,latin pop,pop,reggaeton,tropical"
"1228","colombian pop,latin,latin pop,pop reggaeton,vallenato"
"1229","latin,latin hip hop,reggaeton flow,trap latino,tropical"
"1230","deep funk carioca"
"1231","brostep,deep big room,edm,electro house,electronic trap,moombahton"
"1232","latin,latin hip hop,latin pop,pop,reggaeton,tropical"
"1233","dance pop,pop,post-teen pop"
"1234","pop"
"1235","dance pop,latin,latin arena pop,latin pop,latin viral pop,mexican pop,pop"
"1236","colombian pop,latin,tropical"
"1237","latin,latin hip hop,pop,reggaeton,tropical"
"1238","boy band,latin,latin pop,pop,reggaeton,tropical"
"1239","reggaeton,trap latino"
"1240","reggaeton,trap latino"
"1241","dance pop,electro latino,latin,latin pop,pop,tropical"
"1242","reggaeton flow,trap latino"
"1243","latin,latin hip hop,reggaeton,reggaeton flow,trap latino,tropical"
"1244","colombian pop,latin,latin pop,pop reggaeton,vallenato"
"1245","colombian pop,latin,latin pop"
"1246","reggaeton,trap latino"
"1247","deep funk carioca"
"1248","dance pop,pop,post-teen pop"
"1249","latin,latin hip hop,latin pop,pop,reggaeton,tropical"
"1250","colombian pop,latin,latin pop,pop,reggaeton,tropical"
"1251","latin,latin pop,latin viral pop,mexican pop"
"1252","cubaton,pop reggaeton"
"1253","colombian pop,latin,latin pop"
"1254","reggaeton,trap latino"
"1255","colombian pop,latin,latin pop"
"1256","latin,latin hip hop,reggaeton,trap latino,tropical"
"1257","boy band,latin,latin pop,pop,reggaeton,tropical"
"1258","reggaeton"
"1259","dance pop,latin,latin hip hop,latin pop,pop,reggaeton,tropical"
"1260","colombian pop,latin,latin pop,pop,reggaeton,tropical"
"1261","latin,latin pop"
"1262","latin pop,reggaeton"
"1263","latin,latin pop,tropical"
"1264","latin,latin hip hop,reggaeton,trap latino,tropical"
"1265","reggaeton,trap latino"
"1266","pop"
"1267","latin,reggaeton"
"1268","pop"
"1269","bachata,latin,tropical"
"1270","dance pop,pop,post-teen pop"
"1271","dance pop,pop,pop rap,post-teen pop,r&b,urban contemporary"
"1272","latin,reggaeton"
"1273","latin,latin hip hop,pop,reggaeton,tropical"
"1274","colombian pop,latin pop"
"1275","dance pop,electro latino,latin,latin hip hop,latin pop,pop,pop reggaeton,reggaeton,tropical"
"1276","latin,latin hip hop,pop,reggaeton,tropical"
"1277","dance pop,latin,latin hip hop,latin pop,pop,reggaeton,tropical"
"1278","cubaton,pop reggaeton"
"1279","cubaton,reggaeton"
"1280","boy band,latin,latin pop,pop,reggaeton,tropical"
"1281","dance pop,latin,latin hip hop,latin pop,pop,reggaeton,tropical"
"1282","pop,post-teen pop"
"1283","pop,rap"
"1284","colombian pop,latin,latin pop,rock cristiano"
"1285","colombian pop,latin,latin pop,pop,rock en espanol,tropical"
"1286","latin alternative,latin pop"
"1287","pop reggaeton"
"1288","cubaton,pop reggaeton"
"1289","cubaton,pop reggaeton"
"1290","dance pop,pop,post-teen pop,viral pop"
"1291","reggaeton,trap latino"
"1292","latin,latin hip hop,pop,reggaeton,tropical"
"1293","reggaeton flow,trap latino"
"1294","reggaeton"
"1295","colombian pop,dance pop,latin,latin pop,mexican pop,pop"
"1296","pop,post-teen pop"
"1297","latin pop,reggaeton"
"1298","reggaeton,trap latino"
"1299","dance pop,latin,latin pop,pop,tropical"
"1300","pop,post-teen pop"
"1301","dance pop,latin,latin hip hop,latin pop,pop,reggaeton,tropical"
"1302","champeta,colombian pop,dance pop,latin,latin pop,tropical,vallenato"
"1303","emo rap"
"1304","reggaeton,trap latino"
"1305","dance pop,latin,latin pop,mexican pop,tropical"
"1306","latin,reggaeton"
"1307","latin,latin hip hop,reggaeton,reggaeton flow,trap latino,tropical"
"1308","colombian pop,dance pop,latin,latin pop,mexican pop,pop"
"1309","pop"
"1310","colombian pop,latin,latin pop,pop,rock en espanol,tropical"
"1311","latin,latin hip hop,reggaeton,reggaeton flow,tropical"
"1312","cubaton,pop reggaeton"
"1313","latin,reggaeton flow,trap latino,tropical"
"1314","reggaeton flow"
"1315","reggaeton"
"1316","latin,reggaeton"
"1317","latin pop,reggaeton"
"1318","dance pop,edm,electronic trap,pop,tropical house"
"1319","colombian pop,latin pop"
"1320","dance pop,pop,post-teen pop,viral pop"
"1321","latin arena pop,latin pop,latin viral pop,spanish pop"
"1322","cubaton,pop reggaeton"
"1323","dance pop,pop,post-teen pop,viral pop"
"1324","canadian pop,dance pop,pop,post-teen pop,viral pop"
"1325","colombian pop,cumbia,latin,latin pop,tropical"
"1326","latin,reggaeton"
"1327","edm,tropical house"
"1328","bachata,dance pop,latin,latin pop,pop,tropical"
"1329","cumbia peruana,peruvian rock,pop reggaeton,tropical"
"1330","latin,latin arena pop,latin pop,mexican pop"
"1331","reggaeton,trap latino"
"1332","rap dominicano,reggaeton flow"
"1333","edm,electro house,house,pop,progressive house"
"1334","dance pop,pinoy hip hop,pop,pop rap,post-teen pop,r&b"
"1335","latin,latin hip hop,reggaeton,trap latino,tropical"
"1336","latin alternative,latin pop"
"1337","latin,latin arena pop,latin pop,spanish pop"
"1338","boy band,latin,latin pop,pop,reggaeton,tropical"
"1339","reggaeton,trap latino"
"1340","dance pop,electropop,pop,post-teen pop"
"1341","reggaeton"
"1342","pop,post-teen pop"
"1343","champeta,colombian pop,dance pop,latin,latin pop,tropical,vallenato"
"1344","dance pop,electropop,girl group,pop,post-teen pop,r&b,talent show"
"1345","reggaeton,trap latino"
"1346","pop"
"1347","latin,latin hip hop,reggaeton,reggaeton flow,trap latino,tropical"
"1348","cumbia peruana,peruvian rock,pop reggaeton,tropical"
"1349","colombian pop,latin pop"
"1350","peruvian rock,pop reggaeton"
"1351","dance pop,pop,post-teen pop"
"1352","reggaeton flow,trap latino"
"1353","canadian hip hop,canadian pop,hip hop,pop rap,rap"
"1354","cubaton,dance pop,latin,latin hip hop,latin pop,pop,reggaeton,tropical"
"1355","cumbia peruana,peruvian rock,pop reggaeton,tropical"
"1356","dance pop,latin,latin pop,mexican pop,pop,pop quebecois,tropical"
"1357","pop reggaeton"
"1358","latin,latin pop"
"1359","dance pop,latin,pop,pop rap"
"1360","argentine rock,latin alternative,latin rock,rock en espanol,rock nacional,ska argentino"
"1361","canadian pop,pop,rap"
"1362","dance pop,dancehall,pop,pop rap"
"1363","edm,electropop,pop,tropical house"
"1364","latin,latin hip hop,reggaeton,reggaeton flow,trap latino,tropical"
"1365","cumbia peruana,peruvian rock,pop reggaeton,tropical"
"1366","champeta,colombian pop,electro latino,latin,latin pop,pop,tropical"
"1367","pop"
"1368",""
"1369","argentine hip hop,trap argentino,trap latino"
"1370","cumbia peruana"
"1371","big room,edm,pop,progressive house,tropical house"
"1372","latin pop,reggaeton"
"1373","edm,electropop,pop,tropical house"
"1374","pop,post-teen pop"
"1375","dance pop,edm,pop,post-teen pop,tropical house,uk funky"
"1376","permanent wave,pop"
"1377","pop"
"1378","dance pop,latin,latin pop,pop,tropical"
"1379","edm,tropical house"
"1380","latin,latin alternative,latin pop,latin rock,mexican pop,rock en espanol,spanish rock"
"1381","argentine rock,cantautor,latin alternative,latin rock,rock en espanol,rock nacional"
"1382","pop,post-teen pop"
"1383","pop reggaeton"
"1384","reggaeton flow,trap latino"
"1385","latin,latin arena pop,latin pop,latin rock,mexican pop,mexican rock,rock en espanol,tropical"
"1386","latin,reggaeton flow,trap latino,tropical"
"1387","modern rock,rock,vegas indie"
"1388","edm,tropical house"
"1389","argentine hip hop,trap argentino"
"1390","modern rock,rock,vegas indie"
"1391","dance pop,latin,latin hip hop,latin pop,pop,reggaeton,tropical"
"1392","latin,latin arena pop,latin pop,mexican pop,pop,reggaeton"
"1393","pop,post-teen pop"
"1394","pop reggaeton"
"1395","latin,latin alternative,latin pop,latin rock,rock en espanol,spanish pop,spanish rock"
"1396","reggaeton,trap latino"
"1397","colombian pop,latin,latin pop,pop reggaeton,vallenato"
"1398","dance pop,edm,pop,pop rap"
"1399","colombian pop,cumbia,latin,latin pop,tropical"
"1400","dance pop,latin,latin pop,pop,tropical"
"1401","reggaeton"
"1402","latin,latin pop"
"1403","colombian pop,latin,latin pop"
"1404","latin,latin pop,reggaeton"
"1405","reggaeton,trap latino"
"1406","reggaeton,trap latino"
"1407","baile pop"
"1408","dance pop,latin,latin pop,pop,tropical"
"1409","champeta,colombian pop,dance pop,latin,latin pop,tropical,vallenato"
"1410","dance pop,latin,latin hip hop,latin pop,pop,pop reggaeton,reggaeton,tropical"
"1411","latin,reggaeton flow,tropical"
"1412","dance pop,latin pop,latin viral pop,pop,reggaeton"
"1413","colombian pop,dance pop,latin,latin pop,mexican pop,pop"
"1414","dance pop,latin,latin hip hop,latin pop,pop,reggaeton,tropical"
"1415","dance pop,latin,latin hip hop,latin pop,pop,reggaeton,tropical"
"1416","colombian pop,latin pop"
"1417","latin,latin hip hop,pop,reggaeton,tropical"
"1418","bachata,latin,tropical"
"1419","latin,salsa,tropical"
"1420","colombian pop,latin,latin pop,pop,reggaeton,tropical"
"1421","reggaeton"
"1422","latin arena pop,latin pop,latin viral pop,spanish pop"
"1423","dance pop,pop,post-teen pop"
"1424","latin,latin arena pop,latin pop,mexican pop,pop"
"1425","latin,reggaeton"
"1426","colombian pop,latin,latin pop,pop reggaeton,vallenato"
"1427","latin,latin hip hop,latin pop,pop,reggaeton,tropical"
"1428","latin,reggaeton"
"1429","deep funk carioca"
"1430","latin,latin hip hop,reggaeton flow,trap latino,tropical"
"1431","brostep,deep big room,edm,electro house,electronic trap,moombahton"
"1432","latin,latin hip hop,latin pop,pop,reggaeton,tropical"
"1433","dance pop,pop,post-teen pop"
"1434","pop"
"1435","colombian pop,latin,tropical"
"1436","dance pop,latin,latin arena pop,latin pop,latin viral pop,mexican pop,pop"
"1437","boy band,latin,latin pop,pop,reggaeton,tropical"
"1438","latin,latin hip hop,pop,reggaeton,tropical"
"1439","reggaeton,trap latino"
"1440","dance pop,electro latino,latin,latin pop,pop,tropical"
"1441","reggaeton flow,trap latino"
"1442","reggaeton,trap latino"
"1443","colombian pop,latin,latin pop,pop reggaeton,vallenato"
"1444","latin,latin hip hop,reggaeton,reggaeton flow,trap latino,tropical"
"1445","colombian pop,latin,latin pop"
"1446","colombian pop,latin,latin pop,pop,reggaeton,tropical"
"1447","dance pop,pop,post-teen pop"
"1448","reggaeton,trap latino"
"1449","deep funk carioca"
"1450","latin,latin hip hop,latin pop,pop,reggaeton,tropical"
"1451","latin,latin pop,latin viral pop,mexican pop"
"1452","colombian pop,latin,latin pop"
"1453","cubaton,pop reggaeton"
"1454","colombian pop,latin,latin pop"
"1455","reggaeton,trap latino"
"1456","boy band,latin,latin pop,pop,reggaeton,tropical"
"1457","dance pop,latin,latin hip hop,latin pop,pop,reggaeton,tropical"
"1458","latin,latin hip hop,reggaeton,trap latino,tropical"
"1459","reggaeton"
"1460","pop"
"1461","latin,latin pop,tropical"
"1462","colombian pop,latin,latin pop,pop,reggaeton,tropical"
"1463","reggaeton,trap latino"
"1464","latin pop,reggaeton"
"1465","dance pop,pop,post-teen pop"
"1466","latin,latin pop"
"1467","latin,reggaeton"
"1468","pop"
"1469","latin,latin hip hop,reggaeton,trap latino,tropical"
"1470","bachata,latin,tropical"
"1471","latin,latin hip hop,pop,reggaeton,tropical"
"1472","dance pop,pop,pop rap,post-teen pop,r&b,urban contemporary"
"1473","colombian pop,latin pop"
"1474","colombian pop,latin,latin pop,rock cristiano"
"1475","latin,reggaeton"
"1476","dance pop,latin,latin hip hop,latin pop,pop,reggaeton,tropical"
"1477","dance pop,electro latino,latin,latin hip hop,latin pop,pop,pop reggaeton,reggaeton,tropical"
"1478","colombian pop,latin,latin pop,pop,rock en espanol,tropical"
"1479","latin,latin hip hop,pop,reggaeton,tropical"
"1480","pop,post-teen pop"
"1481","pop,post-teen pop"
"1482","cubaton,reggaeton"
"1483","pop,rap"
"1484","dance pop,pop,post-teen pop,viral pop"
"1485","boy band,latin,latin pop,pop,reggaeton,tropical"
"1486","pop"
"1487","pop reggaeton"
"1488","latin alternative,latin pop"
"1489","reggaeton,trap latino"
"1490","colombian pop,latin,latin pop,pop,rock en espanol,tropical"
"1491","dance pop,latin,latin hip hop,latin pop,pop,reggaeton,tropical"
"1492","cubaton,pop reggaeton"
"1493","latin,latin hip hop,pop,reggaeton,tropical"
"1494","reggaeton"
"1495","reggaeton flow,trap latino"
"1496","pop,post-teen pop"
"1497","reggaeton,trap latino"
"1498","colombian pop,dance pop,latin,latin pop,mexican pop,pop"
"1499","dance pop,latin,latin hip hop,latin pop,pop,reggaeton,tropical"
"1500","cubaton,pop reggaeton"
"1501","latin pop,reggaeton"
"1502","dance pop,latin,latin pop,pop,tropical"
"1503","colombian pop,dance pop,latin,latin pop,mexican pop,pop"
"1504","emo rap"
"1505","reggaeton,trap latino"
"1506","latin pop,reggaeton"
"1507","champeta,colombian pop,dance pop,latin,latin pop,tropical,vallenato"
"1508","colombian pop,cumbia,latin,latin pop,tropical"
"1509","dance pop,pop,post-teen pop,viral pop"
"1510","colombian pop,latin pop"
"1511","latin,latin hip hop,reggaeton,reggaeton flow,trap latino,tropical"
"1512","dance pop,latin,latin pop,mexican pop,tropical"
"1513","cubaton,pop reggaeton"
"1514","latin,latin arena pop,latin pop,mexican pop"
"1515","dance pop,pop,post-teen pop,viral pop"
"1516","latin,latin hip hop,reggaeton,reggaeton flow,tropical"
"1517","latin,reggaeton"
"1518","latin,reggaeton flow,trap latino,tropical"
"1519","canadian pop,dance pop,pop,post-teen pop,viral pop"
"1520","reggaeton flow"
"1521","latin,latin arena pop,latin pop,spanish pop"
"1522","dance pop,edm,electronic trap,pop,tropical house"
"1523","latin arena pop,latin pop,latin viral pop,spanish pop"
"1524","bachata,dance pop,latin,latin pop,pop,tropical"
"1525","edm,electro house,house,pop,progressive house"
"1526","latin,reggaeton"
"1527","reggaeton"
"1528","latin alternative,latin pop"
"1529","dance pop,pinoy hip hop,pop,pop rap,post-teen pop,r&b"
"1530","edm,tropical house"
"1531","pop"
"1532","dance pop,electropop,pop,post-teen pop"
"1533","cubaton,pop reggaeton"
"1534","pop,post-teen pop"
"1535","rap dominicano,reggaeton flow"
"1536","latin,reggaeton"
"1537","dance pop,pop,post-teen pop"
"1538","dance pop,electropop,girl group,pop,post-teen pop,r&b,talent show"
"1539","cubaton,pop reggaeton"
"1540","peruvian rock,pop reggaeton"
"1541","boy band,latin,latin pop,pop,reggaeton,tropical"
"1542","colombian pop,latin pop"
"1543","reggaeton,trap latino"
"1544","champeta,colombian pop,dance pop,latin,latin pop,tropical,vallenato"
"1545","latin,latin hip hop,reggaeton,trap latino,tropical"
"1546","argentine hip hop,trap argentino,trap latino"
"1547","pop reggaeton"
"1548","reggaeton,trap latino"
"1549","pop"
"1550","permanent wave,pop"
"1551","reggaeton"
"1552","canadian pop,pop,rap"
"1553","reggaeton,trap latino"
"1554","canadian hip hop,canadian pop,hip hop,pop rap,rap"
"1555","edm,electropop,pop,tropical house"
"1556","dance pop,dancehall,pop,pop rap"
"1557",""
"1558",""
"1559","latin,latin hip hop,reggaeton,reggaeton flow,trap latino,tropical"
"1560","pop,post-teen pop"
"1561","champeta,colombian pop,electro latino,latin,latin pop,pop,tropical"
"1562","reggaeton flow,trap latino"
"1563","argentine rock,latin alternative,latin rock,rock en espanol,rock nacional,ska argentino"
"1564","dance pop,latin,pop,pop rap"
"1565","cubaton,dance pop,latin,latin hip hop,latin pop,pop,reggaeton,tropical"
"1566","big room,edm,pop,progressive house,tropical house"
"1567","edm,electropop,pop,tropical house"
"1568","colombian pop,cumbia,latin,latin pop,tropical"
"1569","latin pop,reggaeton"
"1570","dance pop,latin,latin pop,pop,tropical"
"1571","latin,latin arena pop,latin pop,latin rock,mexican pop,mexican rock,rock en espanol,tropical"
"1572","detroit hip hop,g funk,hip hop,rap"
"1573","pop,post-teen pop"
"1574","argentine rock,cantautor,latin alternative,latin rock,rock en espanol,rock nacional"
"1575","argentine hip hop,trap argentino"
"1576","dance pop,latin,latin hip hop,latin pop,pop,reggaeton,tropical"
"1577","pop"
"1578","dance pop,edm,pop,post-teen pop,tropical house,uk funky"
"1579","dance pop,latin,latin pop,mexican pop,pop,pop quebecois,tropical"
"1580","pop,post-teen pop"
"1581","modern rock,rock,vegas indie"
"1582","latin,latin pop"
"1583","latin,latin arena pop,latin pop,mexican pop,pop,reggaeton"
"1584","pop reggaeton"
"1585","latin,latin hip hop,reggaeton,reggaeton flow,trap latino,tropical"
"1586","modern rock,rock,vegas indie"
"1587","latin,latin pop,pop reggaeton"
"1588","alternative rock,art rock,melancholia,modern rock,permanent wave,rock"
"1589","latin,latin alternative,latin pop,latin rock,mexican pop,rock en espanol,spanish rock"
"1590","chillstep,edm,indie poptimism,pop,tropical pop edm"
"1591","latin,latin alternative,latin pop,latin rock,rock en espanol,spanish pop,spanish rock"
"1592","dance pop,pop,pop rap,post-teen pop,r&b,urban contemporary"
"1593","big room,edm,pop,progressive house,tropical house"
"1594","colombian pop,cumbia,dance pop,latin,latin pop,mexican pop,pop,rock en espanol,tropical"
"1595","latin,reggaeton flow,trap latino,tropical"
"1596","cumbia peruana,peruvian rock,pop reggaeton,tropical"
"1597","dance pop,pop,post-teen pop,r&b"
"1598","champeta,colombian pop,electro latino,latin,latin pop,pop,tropical"
"1599","dance pop,latin,latin pop,pop,tropical"
"1600","colombian pop,latin,latin pop,pop reggaeton,vallenato"
"1601","reggaeton"
"1602","latin,latin pop"
"1603","colombian pop,latin,latin pop"
"1604","latin,latin pop,reggaeton"
"1605","reggaeton,trap latino"
"1606","reggaeton,trap latino"
"1607","baile pop"
"1608","dance pop,latin,latin pop,pop,tropical"
"1609","champeta,colombian pop,dance pop,latin,latin pop,tropical,vallenato"
"1610","dance pop,latin,latin hip hop,latin pop,pop,pop reggaeton,reggaeton,tropical"
"1611","latin,reggaeton flow,tropical"
"1612","colombian pop,dance pop,latin,latin pop,mexican pop,pop"
"1613","dance pop,latin pop,latin viral pop,pop,reggaeton"
"1614","dance pop,latin,latin hip hop,latin pop,pop,reggaeton,tropical"
"1615","latin,latin hip hop,pop,reggaeton,tropical"
"1616","dance pop,latin,latin hip hop,latin pop,pop,reggaeton,tropical"
"1617","colombian pop,latin pop"
"1618","bachata,latin,tropical"
"1619","latin,salsa,tropical"
"1620","colombian pop,latin,latin pop,pop,reggaeton,tropical"
"1621","reggaeton"
"1622","latin arena pop,latin pop,latin viral pop,spanish pop"
"1623","dance pop,pop,post-teen pop"
"1624","latin,latin arena pop,latin pop,mexican pop,pop"
"1625","latin,reggaeton"
"1626","latin,latin hip hop,latin pop,pop,reggaeton,tropical"
"1627","colombian pop,latin,latin pop,pop reggaeton,vallenato"
"1628","latin,reggaeton"
"1629","latin,latin hip hop,reggaeton flow,trap latino,tropical"
"1630","deep funk carioca"
"1631","brostep,deep big room,edm,electro house,electronic trap,moombahton"
"1632","colombian pop,latin,tropical"
"1633","latin,latin hip hop,latin pop,pop,reggaeton,tropical"
"1634","dance pop,latin,latin arena pop,latin pop,latin viral pop,mexican pop,pop"
"1635","dance pop,pop,post-teen pop"
"1636","pop"
"1637","latin,latin hip hop,pop,reggaeton,tropical"
"1638","boy band,latin,latin pop,pop,reggaeton,tropical"
"1639","dance pop,electro latino,latin,latin pop,pop,tropical"
"1640","reggaeton,trap latino"
"1641","reggaeton,trap latino"
"1642","latin,latin hip hop,reggaeton,reggaeton flow,trap latino,tropical"
"1643","reggaeton flow,trap latino"
"1644","colombian pop,latin,latin pop"
"1645","colombian pop,latin,latin pop,pop reggaeton,vallenato"
"1646","colombian pop,latin,latin pop,pop,reggaeton,tropical"
"1647","dance pop,pop,post-teen pop"
"1648","reggaeton,trap latino"
"1649","deep funk carioca"
"1650","latin,latin hip hop,latin pop,pop,reggaeton,tropical"
"1651","colombian pop,latin,latin pop"
"1652","latin,latin pop,latin viral pop,mexican pop"
"1653","colombian pop,latin,latin pop"
"1654","reggaeton,trap latino"
"1655","cubaton,pop reggaeton"
"1656","boy band,latin,latin pop,pop,reggaeton,tropical"
"1657","dance pop,latin,latin hip hop,latin pop,pop,reggaeton,tropical"
"1658","latin,latin hip hop,reggaeton,trap latino,tropical"
"1659","reggaeton"
"1660","pop"
"1661","latin,latin pop,tropical"
"1662","colombian pop,latin,latin pop,pop,reggaeton,tropical"
"1663","reggaeton,trap latino"
"1664","latin pop,reggaeton"
"1665","latin,latin pop"
"1666","dance pop,pop,post-teen pop"
"1667","latin,reggaeton"
"1668","pop"
"1669","latin,latin hip hop,reggaeton,trap latino,tropical"
"1670","bachata,latin,tropical"
"1671","dance pop,pop,pop rap,post-teen pop,r&b,urban contemporary"
"1672","colombian pop,latin,latin pop,rock cristiano"
"1673","colombian pop,latin pop"
"1674","latin,reggaeton"
"1675","latin,latin hip hop,pop,reggaeton,tropical"
"1676","pop,post-teen pop"
"1677","dance pop,electro latino,latin,latin hip hop,latin pop,pop,pop reggaeton,reggaeton,tropical"
"1678","dance pop,latin,latin hip hop,latin pop,pop,reggaeton,tropical"
"1679","colombian pop,latin,latin pop,pop,rock en espanol,tropical"
"1680","latin,latin hip hop,pop,reggaeton,tropical"
"1681","pop,post-teen pop"
"1682","cubaton,reggaeton"
"1683","dance pop,pop,post-teen pop,viral pop"
"1684","boy band,latin,latin pop,pop,reggaeton,tropical"
"1685","latin alternative,latin pop"
"1686","pop reggaeton"
"1687","pop,rap"
"1688","pop"
"1689","reggaeton,trap latino"
"1690","dance pop,latin,latin hip hop,latin pop,pop,reggaeton,tropical"
"1691","cubaton,pop reggaeton"
"1692","latin,latin hip hop,pop,reggaeton,tropical"
"1693","colombian pop,latin,latin pop,pop,rock en espanol,tropical"
"1694","pop,post-teen pop"
"1695","reggaeton,trap latino"
"1696","colombian pop,dance pop,latin,latin pop,mexican pop,pop"
"1697","latin pop,reggaeton"
"1698","dance pop,latin,latin hip hop,latin pop,pop,reggaeton,tropical"
"1699","reggaeton flow,trap latino"
"1700","colombian pop,dance pop,latin,latin pop,mexican pop,pop"
"1701","cubaton,pop reggaeton"
"1702","latin pop,reggaeton"
"1703","reggaeton,trap latino"
"1704","reggaeton"
"1705","champeta,colombian pop,dance pop,latin,latin pop,tropical,vallenato"
"1706","dance pop,latin,latin pop,pop,tropical"
"1707","latin,latin arena pop,latin pop,mexican pop"
"1708","latin,latin hip hop,reggaeton,reggaeton flow,trap latino,tropical"
"1709","colombian pop,cumbia,latin,latin pop,tropical"
"1710","colombian pop,latin pop"
"1711","emo rap"
"1712","cubaton,pop reggaeton"
"1713","latin,latin arena pop,latin pop,spanish pop"
"1714","dance pop,pop,post-teen pop,viral pop"
"1715","dance pop,pop,post-teen pop,viral pop"
"1716","latin,latin hip hop,reggaeton,reggaeton flow,tropical"
"1717","dance pop,latin,latin pop,mexican pop,tropical"
"1718","latin,reggaeton"
"1719","latin,reggaeton flow,trap latino,tropical"
"1720","reggaeton flow"
"1721","dance pop,edm,electronic trap,pop,tropical house"
"1722","canadian pop,dance pop,pop,post-teen pop,viral pop"
"1723","reggaeton"
"1724","bachata,dance pop,latin,latin pop,pop,tropical"
"1725","latin arena pop,latin pop,latin viral pop,spanish pop"
"1726","edm,electro house,house,pop,progressive house"
"1727","dance pop,electropop,pop,post-teen pop"
"1728","latin alternative,latin pop"
"1729","pop"
"1730","edm,tropical house"
"1731","dance pop,pinoy hip hop,pop,pop rap,post-teen pop,r&b"
"1732","pop,post-teen pop"
"1733","latin,reggaeton"
"1734","cubaton,pop reggaeton"
"1735","dance pop,pop,post-teen pop"
"1736","dance pop,electropop,girl group,pop,post-teen pop,r&b,talent show"
"1737","colombian pop,latin pop"
"1738","reggaeton,trap latino"
"1739","rap dominicano,reggaeton flow"
"1740","cubaton,pop reggaeton"
"1741",""
"1742","champeta,colombian pop,dance pop,latin,latin pop,tropical,vallenato"
"1743","latin,reggaeton"
"1744","peruvian rock,pop reggaeton"
"1745","boy band,latin,latin pop,pop,reggaeton,tropical"
"1746","latin,latin hip hop,reggaeton,trap latino,tropical"
"1747","pop reggaeton"
"1748","reggaeton,trap latino"
"1749","canadian pop,pop,rap"
"1750","pop,post-teen pop"
"1751","permanent wave,pop"
"1752","argentine rock,latin alternative,latin rock,rock en espanol,rock nacional,ska argentino"
"1753","reggaeton"
"1754","latin,latin hip hop,reggaeton,reggaeton flow,trap latino,tropical"
"1755","reggaeton,trap latino"
"1756","pop"
"1757","canadian hip hop,canadian pop,hip hop,pop rap,rap"
"1758","edm,electropop,pop,tropical house"
"1759","reggaeton flow,trap latino"
"1760","champeta,colombian pop,electro latino,latin,latin pop,pop,tropical"
"1761",""
"1762","argentine hip hop,trap argentino,trap latino"
"1763","dance pop,dancehall,pop,pop rap"
"1764","big room,edm,pop,progressive house,tropical house"
"1765","pop reggaeton"
"1766","edm,electropop,pop,tropical house"
"1767","latin,latin arena pop,latin pop,latin rock,mexican pop,mexican rock,rock en espanol,tropical"
"1768","dance pop,latin,pop,pop rap"
"1769","pop,post-teen pop"
"1770","colombian pop,cumbia,latin,latin pop,tropical"
"1771","detroit hip hop,g funk,hip hop,rap"
"1772","pop"
"1773","argentine rock,cantautor,latin alternative,latin rock,rock en espanol,rock nacional"
"1774","dance pop,latin,latin pop,pop,tropical"
"1775","dance pop,latin,latin pop,mexican pop,pop,pop quebecois,tropical"
"1776","latin,latin hip hop,reggaeton,reggaeton flow,trap latino,tropical"
"1777","latin,latin alternative,latin pop,latin rock,mexican pop,rock en espanol,spanish rock"
"1778","pop,post-teen pop"
"1779","latin pop,reggaeton"
"1780","cubaton,dance pop,latin,latin hip hop,latin pop,pop,reggaeton,tropical"
"1781","dance pop,edm,pop,post-teen pop,tropical house,uk funky"
"1782","latin,latin alternative,latin pop,latin rock,rock en espanol,spanish pop,spanish rock"
"1783","latin,latin arena pop,latin pop,mexican pop,pop,reggaeton"
"1784","alternative rock,art rock,melancholia,modern rock,permanent wave,rock"
"1785","argentine hip hop,trap argentino"
"1786","modern rock,rock,vegas indie"
"1787","champeta,colombian pop,electro latino,latin,latin pop,pop,tropical"
"1788","latin,latin pop,pop reggaeton"
"1789","dance pop,latin,latin hip hop,latin pop,pop,reggaeton,tropical"
"1790","latin pop,spanish pop,spanish pop rock"
"1791","dance pop,pop,pop rap,post-teen pop,r&b,urban contemporary"
"1792","big room,edm,pop,progressive house,tropical house"
"1793","edm,tropical house"
"1794","cumbia peruana,peruvian rock,pop reggaeton,tropical"
"1795","modern rock,rock,vegas indie"
"1796","latin,reggaeton flow,trap latino,tropical"
"1797","colombian pop,latin,latin pop,pop reggaeton,vallenato"
"1798","colombian pop,cumbia,dance pop,latin,latin pop,mexican pop,pop,rock en espanol,tropical"
"1799","chillstep,edm,indie poptimism,pop,tropical pop edm"
"1800","latin,latin pop"
